"WorkItemType","FieldName","ReferenceName","Type","Required","ReadOnly","Inherited"
"Bug","Found In","Microsoft.VSTS.Build.FoundIn","string",,,
"Risk","Found In","Microsoft.VSTS.Build.FoundIn","string",,,
"Issue","Integration Build","Microsoft.VSTS.Build.IntegrationBuild","string",,,
"Requirement","Integration Build","Microsoft.VSTS.Build.IntegrationBuild","string",,,
"Test Case","Integration Build","Microsoft.VSTS.Build.IntegrationBuild","string",,,
"Bug","Integration Build","Microsoft.VSTS.Build.IntegrationBuild","string",,,
"Test Plan","Integration Build","Microsoft.VSTS.Build.IntegrationBuild","string",,,
"Change Request","Integration Build","Microsoft.VSTS.Build.IntegrationBuild","string",,,
"Risk","Integration Build","Microsoft.VSTS.Build.IntegrationBuild","string",,,
"Task","Integration Build","Microsoft.VSTS.Build.IntegrationBuild","string",,,
"Feature","Integration Build","Microsoft.VSTS.Build.IntegrationBuild","string",,,
"Test Suite","Integration Build","Microsoft.VSTS.Build.IntegrationBuild","string",,,
"Review","Integration Build","Microsoft.VSTS.Build.IntegrationBuild","string",,,
"Epic","Integration Build","Microsoft.VSTS.Build.IntegrationBuild","string",,,
"Review","Actual Attendee 1","Microsoft.VSTS.CMMI.ActualAttendee1","string",,,
"Review","Actual Attendee 2","Microsoft.VSTS.CMMI.ActualAttendee2","string",,,
"Review","Actual Attendee 3","Microsoft.VSTS.CMMI.ActualAttendee3","string",,,
"Review","Actual Attendee 4","Microsoft.VSTS.CMMI.ActualAttendee4","string",,,
"Review","Actual Attendee 5","Microsoft.VSTS.CMMI.ActualAttendee5","string",,,
"Review","Actual Attendee 6","Microsoft.VSTS.CMMI.ActualAttendee6","string",,,
"Review","Actual Attendee 7","Microsoft.VSTS.CMMI.ActualAttendee7","string",,,
"Review","Actual Attendee 8","Microsoft.VSTS.CMMI.ActualAttendee8","string",,,
"Issue","Analysis","Microsoft.VSTS.CMMI.Analysis","html",,,
"Task","Blocked","Microsoft.VSTS.CMMI.Blocked","string","True",,
"Risk","Blocked","Microsoft.VSTS.CMMI.Blocked","string",,,
"Change Request","Blocked","Microsoft.VSTS.CMMI.Blocked","string",,,
"Requirement","Blocked","Microsoft.VSTS.CMMI.Blocked","string",,,
"Bug","Blocked","Microsoft.VSTS.CMMI.Blocked","string",,,
"Review","Called By","Microsoft.VSTS.CMMI.CalledBy","string",,,
"Review","Called Date","Microsoft.VSTS.CMMI.CalledDate","dateTime",,,
"Review","Comments","Microsoft.VSTS.CMMI.Comments","html",,,
"Requirement","Committed","Microsoft.VSTS.CMMI.Committed","string","True",,
"Risk","Contingency Plan","Microsoft.VSTS.CMMI.ContingencyPlan","html",,,
"Issue","Corrective Action Actual Resolution","Microsoft.VSTS.CMMI.CorrectiveActionActualResolution","html",,,
"Issue","Corrective Action Plan","Microsoft.VSTS.CMMI.CorrectiveActionPlan","html",,,
"Issue","Escalate","Microsoft.VSTS.CMMI.Escalate","string",,,
"Bug","Found In Environment","Microsoft.VSTS.CMMI.FoundInEnvironment","string",,,
"Bug","How Found","Microsoft.VSTS.CMMI.HowFound","string",,,
"Requirement","Impact Assessment HTML","Microsoft.VSTS.CMMI.ImpactAssessmentHtml","html",,,
"Change Request","Impact on Architecture","Microsoft.VSTS.CMMI.ImpactOnArchitecture","html",,,
"Change Request","Impact on Development","Microsoft.VSTS.CMMI.ImpactOnDevelopment","html",,,
"Change Request","Impact on Technical Publications","Microsoft.VSTS.CMMI.ImpactOnTechnicalPublications","html",,,
"Change Request","Impact on Test","Microsoft.VSTS.CMMI.ImpactOnTest","html",,,
"Change Request","Impact on User Experience","Microsoft.VSTS.CMMI.ImpactOnUserExperience","html",,,
"Change Request","Justification","Microsoft.VSTS.CMMI.Justification","html",,,
"Review","Meeting Type","Microsoft.VSTS.CMMI.MeetingType","string",,,
"Review","Minutes","Microsoft.VSTS.CMMI.Minutes","html",,,
"Risk","Mitigation Plan","Microsoft.VSTS.CMMI.MitigationPlan","html",,,
"Risk","Mitigation Triggers","Microsoft.VSTS.CMMI.MitigationTriggers","html",,,
"Review","Optional Attendee 1","Microsoft.VSTS.CMMI.OptionalAttendee1","string",,,
"Review","Optional Attendee 2","Microsoft.VSTS.CMMI.OptionalAttendee2","string",,,
"Review","Optional Attendee 3","Microsoft.VSTS.CMMI.OptionalAttendee3","string",,,
"Review","Optional Attendee 4","Microsoft.VSTS.CMMI.OptionalAttendee4","string",,,
"Review","Optional Attendee 5","Microsoft.VSTS.CMMI.OptionalAttendee5","string",,,
"Review","Optional Attendee 6","Microsoft.VSTS.CMMI.OptionalAttendee6","string",,,
"Review","Optional Attendee 7","Microsoft.VSTS.CMMI.OptionalAttendee7","string",,,
"Review","Optional Attendee 8","Microsoft.VSTS.CMMI.OptionalAttendee8","string",,,
"Risk","Probability","Microsoft.VSTS.CMMI.Probability","integer","True",,
"Bug","Proposed Fix","Microsoft.VSTS.CMMI.ProposedFix","html",,,
"Review","Purpose","Microsoft.VSTS.CMMI.Purpose","html","True",,
"Review","Required Attendee 1","Microsoft.VSTS.CMMI.RequiredAttendee1","string",,,
"Review","Required Attendee 2","Microsoft.VSTS.CMMI.RequiredAttendee2","string",,,
"Review","Required Attendee 3","Microsoft.VSTS.CMMI.RequiredAttendee3","string",,,
"Review","Required Attendee 4","Microsoft.VSTS.CMMI.RequiredAttendee4","string",,,
"Review","Required Attendee 5","Microsoft.VSTS.CMMI.RequiredAttendee5","string",,,
"Review","Required Attendee 6","Microsoft.VSTS.CMMI.RequiredAttendee6","string",,,
"Review","Required Attendee 7","Microsoft.VSTS.CMMI.RequiredAttendee7","string",,,
"Review","Required Attendee 8","Microsoft.VSTS.CMMI.RequiredAttendee8","string",,,
"Requirement","Requirement Type","Microsoft.VSTS.CMMI.RequirementType","string","True",,
"Task","Requires Review","Microsoft.VSTS.CMMI.RequiresReview","string",,,
"Task","Requires Test","Microsoft.VSTS.CMMI.RequiresTest","string",,,
"Bug","Root Cause","Microsoft.VSTS.CMMI.RootCause","string",,,
"Requirement","Subject Matter Expert 1","Microsoft.VSTS.CMMI.SubjectMatterExpert1","string",,,
"Requirement","Subject Matter Expert 2","Microsoft.VSTS.CMMI.SubjectMatterExpert2","string",,,
"Requirement","Subject Matter Expert 3","Microsoft.VSTS.CMMI.SubjectMatterExpert3","string",,,
"Bug","Symptom","Microsoft.VSTS.CMMI.Symptom","html",,,
"Issue","Target Resolve Date","Microsoft.VSTS.CMMI.TargetResolveDate","dateTime",,,
"Task","Task Type","Microsoft.VSTS.CMMI.TaskType","string",,,
"Requirement","User Acceptance Test","Microsoft.VSTS.CMMI.UserAcceptanceTest","string","True",,
"Requirement","Activated By","Microsoft.VSTS.Common.ActivatedBy","string",,,
"Feature","Activated By","Microsoft.VSTS.Common.ActivatedBy","string",,,
"Issue","Activated By","Microsoft.VSTS.Common.ActivatedBy","string",,,
"Test Case","Activated By","Microsoft.VSTS.Common.ActivatedBy","string",,,
"Review","Activated By","Microsoft.VSTS.Common.ActivatedBy","string",,,
"Change Request","Activated By","Microsoft.VSTS.Common.ActivatedBy","string",,,
"Epic","Activated By","Microsoft.VSTS.Common.ActivatedBy","string",,,
"Task","Activated By","Microsoft.VSTS.Common.ActivatedBy","string",,,
"Bug","Activated By","Microsoft.VSTS.Common.ActivatedBy","string",,,
"Risk","Activated By","Microsoft.VSTS.Common.ActivatedBy","string",,,
"Review","Activated Date","Microsoft.VSTS.Common.ActivatedDate","dateTime",,,
"Bug","Activated Date","Microsoft.VSTS.Common.ActivatedDate","dateTime",,,
"Task","Activated Date","Microsoft.VSTS.Common.ActivatedDate","dateTime",,,
"Issue","Activated Date","Microsoft.VSTS.Common.ActivatedDate","dateTime",,,
"Change Request","Activated Date","Microsoft.VSTS.Common.ActivatedDate","dateTime",,,
"Epic","Activated Date","Microsoft.VSTS.Common.ActivatedDate","dateTime",,,
"Risk","Activated Date","Microsoft.VSTS.Common.ActivatedDate","dateTime",,,
"Requirement","Activated Date","Microsoft.VSTS.Common.ActivatedDate","dateTime",,,
"Test Case","Activated Date","Microsoft.VSTS.Common.ActivatedDate","dateTime",,,
"Feature","Activated Date","Microsoft.VSTS.Common.ActivatedDate","dateTime",,,
"Feature","Business Value","Microsoft.VSTS.Common.BusinessValue","integer",,,
"Epic","Business Value","Microsoft.VSTS.Common.BusinessValue","integer",,,
"Review","Closed By","Microsoft.VSTS.Common.ClosedBy","string",,,
"Task","Closed By","Microsoft.VSTS.Common.ClosedBy","string",,,
"Issue","Closed By","Microsoft.VSTS.Common.ClosedBy","string",,,
"Change Request","Closed By","Microsoft.VSTS.Common.ClosedBy","string",,,
"Feature","Closed By","Microsoft.VSTS.Common.ClosedBy","string",,,
"Test Case","Closed By","Microsoft.VSTS.Common.ClosedBy","string",,,
"Requirement","Closed By","Microsoft.VSTS.Common.ClosedBy","string",,,
"Bug","Closed By","Microsoft.VSTS.Common.ClosedBy","string",,,
"Epic","Closed By","Microsoft.VSTS.Common.ClosedBy","string",,,
"Risk","Closed By","Microsoft.VSTS.Common.ClosedBy","string",,,
"Review","Closed Date","Microsoft.VSTS.Common.ClosedDate","dateTime",,,
"Requirement","Closed Date","Microsoft.VSTS.Common.ClosedDate","dateTime",,,
"Epic","Closed Date","Microsoft.VSTS.Common.ClosedDate","dateTime",,,
"Bug","Closed Date","Microsoft.VSTS.Common.ClosedDate","dateTime",,,
"Change Request","Closed Date","Microsoft.VSTS.Common.ClosedDate","dateTime",,,
"Issue","Closed Date","Microsoft.VSTS.Common.ClosedDate","dateTime",,,
"Task","Closed Date","Microsoft.VSTS.Common.ClosedDate","dateTime",,,
"Test Case","Closed Date","Microsoft.VSTS.Common.ClosedDate","dateTime",,,
"Feature","Closed Date","Microsoft.VSTS.Common.ClosedDate","dateTime",,,
"Risk","Closed Date","Microsoft.VSTS.Common.ClosedDate","dateTime",,,
"Task","Discipline","Microsoft.VSTS.Common.Discipline","string",,,
"Risk","Discipline","Microsoft.VSTS.Common.Discipline","string",,,
"Change Request","Discipline","Microsoft.VSTS.Common.Discipline","string",,,
"Bug","Discipline","Microsoft.VSTS.Common.Discipline","string",,,
"Issue","Discipline","Microsoft.VSTS.Common.Discipline","string",,,
"Review","Discipline","Microsoft.VSTS.Common.Discipline","string",,,
"Risk","Priority","Microsoft.VSTS.Common.Priority","integer",,,
"Task","Priority","Microsoft.VSTS.Common.Priority","integer","True",,
"Requirement","Priority","Microsoft.VSTS.Common.Priority","integer","True",,
"Epic","Priority","Microsoft.VSTS.Common.Priority","integer","True",,
"Bug","Priority","Microsoft.VSTS.Common.Priority","integer","True",,
"Feature","Priority","Microsoft.VSTS.Common.Priority","integer",,,
"Issue","Priority","Microsoft.VSTS.Common.Priority","integer","True",,
"Test Case","Priority","Microsoft.VSTS.Common.Priority","integer",,,
"Change Request","Priority","Microsoft.VSTS.Common.Priority","integer","True",,
"Feature","Resolved By","Microsoft.VSTS.Common.ResolvedBy","string",,,
"Issue","Resolved By","Microsoft.VSTS.Common.ResolvedBy","string",,,
"Epic","Resolved By","Microsoft.VSTS.Common.ResolvedBy","string",,,
"Change Request","Resolved By","Microsoft.VSTS.Common.ResolvedBy","string",,,
"Review","Resolved By","Microsoft.VSTS.Common.ResolvedBy","string",,,
"Requirement","Resolved By","Microsoft.VSTS.Common.ResolvedBy","string",,,
"Risk","Resolved By","Microsoft.VSTS.Common.ResolvedBy","string",,,
"Bug","Resolved By","Microsoft.VSTS.Common.ResolvedBy","string",,,
"Task","Resolved By","Microsoft.VSTS.Common.ResolvedBy","string",,,
"Risk","Resolved Date","Microsoft.VSTS.Common.ResolvedDate","dateTime",,,
"Change Request","Resolved Date","Microsoft.VSTS.Common.ResolvedDate","dateTime",,,
"Task","Resolved Date","Microsoft.VSTS.Common.ResolvedDate","dateTime",,,
"Requirement","Resolved Date","Microsoft.VSTS.Common.ResolvedDate","dateTime",,,
"Issue","Resolved Date","Microsoft.VSTS.Common.ResolvedDate","dateTime",,,
"Epic","Resolved Date","Microsoft.VSTS.Common.ResolvedDate","dateTime",,,
"Feature","Resolved Date","Microsoft.VSTS.Common.ResolvedDate","dateTime",,,
"Bug","Resolved Date","Microsoft.VSTS.Common.ResolvedDate","dateTime",,,
"Review","Resolved Date","Microsoft.VSTS.Common.ResolvedDate","dateTime",,,
"Requirement","Resolved Reason","Microsoft.VSTS.Common.ResolvedReason","string",,,
"Epic","Resolved Reason","Microsoft.VSTS.Common.ResolvedReason","string",,,
"Issue","Resolved Reason","Microsoft.VSTS.Common.ResolvedReason","string",,,
"Task","Resolved Reason","Microsoft.VSTS.Common.ResolvedReason","string",,,
"Risk","Resolved Reason","Microsoft.VSTS.Common.ResolvedReason","string",,,
"Bug","Resolved Reason","Microsoft.VSTS.Common.ResolvedReason","string",,,
"Feature","Resolved Reason","Microsoft.VSTS.Common.ResolvedReason","string",,,
"Change Request","Resolved Reason","Microsoft.VSTS.Common.ResolvedReason","string",,,
"Review","Resolved Reason","Microsoft.VSTS.Common.ResolvedReason","string",,,
"Risk","Severity","Microsoft.VSTS.Common.Severity","string","True",,
"Bug","Severity","Microsoft.VSTS.Common.Severity","string","True",,
"Issue","Severity","Microsoft.VSTS.Common.Severity","string","True",,
"Change Request","Stack Rank","Microsoft.VSTS.Common.StackRank","double",,,
"Requirement","Stack Rank","Microsoft.VSTS.Common.StackRank","double",,,
"Issue","Stack Rank","Microsoft.VSTS.Common.StackRank","double",,,
"Feature","Stack Rank","Microsoft.VSTS.Common.StackRank","double",,,
"Bug","Stack Rank","Microsoft.VSTS.Common.StackRank","double",,,
"Epic","Stack Rank","Microsoft.VSTS.Common.StackRank","double",,,
"Task","Stack Rank","Microsoft.VSTS.Common.StackRank","double",,,
"Review","Stack Rank","Microsoft.VSTS.Common.StackRank","double",,,
"Risk","Stack Rank","Microsoft.VSTS.Common.StackRank","double",,,
"Requirement","State Change Date","Microsoft.VSTS.Common.StateChangeDate","dateTime",,,
"Issue","State Change Date","Microsoft.VSTS.Common.StateChangeDate","dateTime",,,
"Review","State Change Date","Microsoft.VSTS.Common.StateChangeDate","dateTime",,,
"Change Request","State Change Date","Microsoft.VSTS.Common.StateChangeDate","dateTime",,,
"Risk","State Change Date","Microsoft.VSTS.Common.StateChangeDate","dateTime",,,
"Bug","State Change Date","Microsoft.VSTS.Common.StateChangeDate","dateTime",,,
"Epic","State Change Date","Microsoft.VSTS.Common.StateChangeDate","dateTime",,,
"Task","State Change Date","Microsoft.VSTS.Common.StateChangeDate","dateTime",,,
"Test Case","State Change Date","Microsoft.VSTS.Common.StateChangeDate","dateTime",,,
"Feature","State Change Date","Microsoft.VSTS.Common.StateChangeDate","dateTime",,,
"Epic","Time Criticality","Microsoft.VSTS.Common.TimeCriticality","double",,,
"Feature","Time Criticality","Microsoft.VSTS.Common.TimeCriticality","double",,,
"Epic","Triage","Microsoft.VSTS.Common.Triage","string","True",,
"Issue","Triage","Microsoft.VSTS.Common.Triage","string","True",,
"Bug","Triage","Microsoft.VSTS.Common.Triage","string","True",,
"Feature","Triage","Microsoft.VSTS.Common.Triage","string","True",,
"Requirement","Triage","Microsoft.VSTS.Common.Triage","string","True",,
"Task","Triage","Microsoft.VSTS.Common.Triage","string","True",,
"Change Request","Triage","Microsoft.VSTS.Common.Triage","string","True",,
"Epic","Value Area","Microsoft.VSTS.Common.ValueArea","string","True",,
"Feature","Value Area","Microsoft.VSTS.Common.ValueArea","string","True",,
"Bug","Value Area","Microsoft.VSTS.Common.ValueArea","string","True",,
"Requirement","Value Area","Microsoft.VSTS.Common.ValueArea","string","True",,
"Bug","Completed Work","Microsoft.VSTS.Scheduling.CompletedWork","double",,,
"Task","Completed Work","Microsoft.VSTS.Scheduling.CompletedWork","double",,,
"Feature","Effort","Microsoft.VSTS.Scheduling.Effort","double",,,
"Epic","Effort","Microsoft.VSTS.Scheduling.Effort","double",,,
"Test Plan","Finish Date","Microsoft.VSTS.Scheduling.FinishDate","dateTime",,,
"Requirement","Finish Date","Microsoft.VSTS.Scheduling.FinishDate","dateTime",,,
"Task","Finish Date","Microsoft.VSTS.Scheduling.FinishDate","dateTime",,,
"Issue","Original Estimate","Microsoft.VSTS.Scheduling.OriginalEstimate","double",,,
"Requirement","Original Estimate","Microsoft.VSTS.Scheduling.OriginalEstimate","double",,,
"Task","Original Estimate","Microsoft.VSTS.Scheduling.OriginalEstimate","double",,,
"Change Request","Original Estimate","Microsoft.VSTS.Scheduling.OriginalEstimate","double",,,
"Bug","Original Estimate","Microsoft.VSTS.Scheduling.OriginalEstimate","double",,,
"Risk","Original Estimate","Microsoft.VSTS.Scheduling.OriginalEstimate","double",,,
"Risk","Remaining Work","Microsoft.VSTS.Scheduling.RemainingWork","double",,,
"Change Request","Remaining Work","Microsoft.VSTS.Scheduling.RemainingWork","double",,,
"Bug","Remaining Work","Microsoft.VSTS.Scheduling.RemainingWork","double",,,
"Issue","Remaining Work","Microsoft.VSTS.Scheduling.RemainingWork","double",,,
"Review","Remaining Work","Microsoft.VSTS.Scheduling.RemainingWork","double",,,
"Task","Remaining Work","Microsoft.VSTS.Scheduling.RemainingWork","double",,,
"Issue","Size","Microsoft.VSTS.Scheduling.Size","double",,,
"Risk","Size","Microsoft.VSTS.Scheduling.Size","double",,,
"Review","Size","Microsoft.VSTS.Scheduling.Size","double",,,
"Bug","Size","Microsoft.VSTS.Scheduling.Size","double",,,
"Requirement","Size","Microsoft.VSTS.Scheduling.Size","double",,,
"Change Request","Size","Microsoft.VSTS.Scheduling.Size","double",,,
"Test Plan","Start Date","Microsoft.VSTS.Scheduling.StartDate","dateTime",,,
"Epic","Start Date","Microsoft.VSTS.Scheduling.StartDate","dateTime",,,
"Feature","Start Date","Microsoft.VSTS.Scheduling.StartDate","dateTime",,,
"Task","Start Date","Microsoft.VSTS.Scheduling.StartDate","dateTime",,,
"Requirement","Start Date","Microsoft.VSTS.Scheduling.StartDate","dateTime",,,
"Feature","Target Date","Microsoft.VSTS.Scheduling.TargetDate","dateTime",,,
"Epic","Target Date","Microsoft.VSTS.Scheduling.TargetDate","dateTime",,,
"Test Case","Automated Test Id","Microsoft.VSTS.TCM.AutomatedTestId","string",,,
"Test Case","Automated Test Name","Microsoft.VSTS.TCM.AutomatedTestName","string",,,
"Test Case","Automated Test Storage","Microsoft.VSTS.TCM.AutomatedTestStorage","string",,,
"Test Case","Automated Test Type","Microsoft.VSTS.TCM.AutomatedTestType","string",,,
"Test Case","Automation status","Microsoft.VSTS.TCM.AutomationStatus","string",,,
"Test Case","Local Data Source","Microsoft.VSTS.TCM.LocalDataSource","html",,,
"Test Case","Parameters","Microsoft.VSTS.TCM.Parameters","html",,,
"Test Suite","Query Text","Microsoft.VSTS.TCM.QueryText","plainText",,,
"Bug","Repro Steps","Microsoft.VSTS.TCM.ReproSteps","html",,,
"Test Case","Steps","Microsoft.VSTS.TCM.Steps","html",,,
"Bug","System Info","Microsoft.VSTS.TCM.SystemInfo","html",,,
"Test Suite","Test Suite Audit","Microsoft.VSTS.TCM.TestSuiteAudit","plainText",,,
"Test Suite","Test Suite Type","Microsoft.VSTS.TCM.TestSuiteType","string","True",,
"Test Suite","Test Suite Type Id","Microsoft.VSTS.TCM.TestSuiteTypeId","integer","True",,
"Change Request","Area ID","System.AreaId","integer","True",,
"Feature","Area ID","System.AreaId","integer","True",,
"Review","Area ID","System.AreaId","integer","True",,
"Test Case","Area ID","System.AreaId","integer","True",,
"Issue","Area ID","System.AreaId","integer","True",,
"Epic","Area ID","System.AreaId","integer","True",,
"Test Suite","Area ID","System.AreaId","integer","True",,
"Bug","Area ID","System.AreaId","integer","True",,
"Test Plan","Area ID","System.AreaId","integer","True",,
"Requirement","Area ID","System.AreaId","integer","True",,
"Risk","Area ID","System.AreaId","integer","True",,
"Task","Area ID","System.AreaId","integer","True",,
"Epic","Area Path","System.AreaPath","treePath",,,
"Test Suite","Area Path","System.AreaPath","treePath",,,
"Requirement","Area Path","System.AreaPath","treePath",,,
"Change Request","Area Path","System.AreaPath","treePath",,,
"Test Plan","Area Path","System.AreaPath","treePath",,,
"Task","Area Path","System.AreaPath","treePath",,,
"Test Case","Area Path","System.AreaPath","treePath",,,
"Feature","Area Path","System.AreaPath","treePath",,,
"Review","Area Path","System.AreaPath","treePath",,,
"Issue","Area Path","System.AreaPath","treePath",,,
"Bug","Area Path","System.AreaPath","treePath",,,
"Risk","Area Path","System.AreaPath","treePath",,,
"Bug","Assigned To","System.AssignedTo","string",,,
"Epic","Assigned To","System.AssignedTo","string",,,
"Issue","Assigned To","System.AssignedTo","string",,,
"Change Request","Assigned To","System.AssignedTo","string",,,
"Review","Assigned To","System.AssignedTo","string",,,
"Test Suite","Assigned To","System.AssignedTo","string",,,
"Test Plan","Assigned To","System.AssignedTo","string",,,
"Risk","Assigned To","System.AssignedTo","string",,,
"Task","Assigned To","System.AssignedTo","string",,,
"Feature","Assigned To","System.AssignedTo","string",,,
"Test Case","Assigned To","System.AssignedTo","string",,,
"Requirement","Assigned To","System.AssignedTo","string",,,
"Feature","Attached File Count","System.AttachedFileCount","integer",,,
"Review","Attached File Count","System.AttachedFileCount","integer",,,
"Test Plan","Attached File Count","System.AttachedFileCount","integer",,,
"Task","Attached File Count","System.AttachedFileCount","integer",,,
"Bug","Attached File Count","System.AttachedFileCount","integer",,,
"Test Suite","Attached File Count","System.AttachedFileCount","integer",,,
"Change Request","Attached File Count","System.AttachedFileCount","integer",,,
"Requirement","Attached File Count","System.AttachedFileCount","integer",,,
"Risk","Attached File Count","System.AttachedFileCount","integer",,,
"Issue","Attached File Count","System.AttachedFileCount","integer",,,
"Epic","Attached File Count","System.AttachedFileCount","integer",,,
"Test Case","Attached File Count","System.AttachedFileCount","integer",,,
"Test Plan","Authorized As","System.AuthorizedAs","string",,,
"Bug","Authorized As","System.AuthorizedAs","string",,,
"Test Suite","Authorized As","System.AuthorizedAs","string",,,
"Test Case","Authorized As","System.AuthorizedAs","string",,,
"Risk","Authorized As","System.AuthorizedAs","string",,,
"Feature","Authorized As","System.AuthorizedAs","string",,,
"Review","Authorized As","System.AuthorizedAs","string",,,
"Task","Authorized As","System.AuthorizedAs","string",,,
"Epic","Authorized As","System.AuthorizedAs","string",,,
"Issue","Authorized As","System.AuthorizedAs","string",,,
"Requirement","Authorized As","System.AuthorizedAs","string",,,
"Change Request","Authorized As","System.AuthorizedAs","string",,,
"Test Suite","Authorized Date","System.AuthorizedDate","dateTime",,,
"Feature","Authorized Date","System.AuthorizedDate","dateTime",,,
"Risk","Authorized Date","System.AuthorizedDate","dateTime",,,
"Review","Authorized Date","System.AuthorizedDate","dateTime",,,
"Task","Authorized Date","System.AuthorizedDate","dateTime",,,
"Change Request","Authorized Date","System.AuthorizedDate","dateTime",,,
"Requirement","Authorized Date","System.AuthorizedDate","dateTime",,,
"Bug","Authorized Date","System.AuthorizedDate","dateTime",,,
"Epic","Authorized Date","System.AuthorizedDate","dateTime",,,
"Test Case","Authorized Date","System.AuthorizedDate","dateTime",,,
"Test Plan","Authorized Date","System.AuthorizedDate","dateTime",,,
"Issue","Authorized Date","System.AuthorizedDate","dateTime",,,
"Issue","Board Column","System.BoardColumn","string",,,
"Review","Board Column","System.BoardColumn","string",,,
"Bug","Board Column","System.BoardColumn","string",,,
"Risk","Board Column","System.BoardColumn","string",,,
"Test Plan","Board Column","System.BoardColumn","string",,,
"Task","Board Column","System.BoardColumn","string",,,
"Change Request","Board Column","System.BoardColumn","string",,,
"Feature","Board Column","System.BoardColumn","string",,,
"Test Case","Board Column","System.BoardColumn","string",,,
"Epic","Board Column","System.BoardColumn","string",,,
"Test Suite","Board Column","System.BoardColumn","string",,,
"Requirement","Board Column","System.BoardColumn","string",,,
"Change Request","Board Column Done","System.BoardColumnDone","boolean",,,
"Test Plan","Board Column Done","System.BoardColumnDone","boolean",,,
"Feature","Board Column Done","System.BoardColumnDone","boolean",,,
"Epic","Board Column Done","System.BoardColumnDone","boolean",,,
"Task","Board Column Done","System.BoardColumnDone","boolean",,,
"Bug","Board Column Done","System.BoardColumnDone","boolean",,,
"Issue","Board Column Done","System.BoardColumnDone","boolean",,,
"Requirement","Board Column Done","System.BoardColumnDone","boolean",,,
"Test Suite","Board Column Done","System.BoardColumnDone","boolean",,,
"Test Case","Board Column Done","System.BoardColumnDone","boolean",,,
"Review","Board Column Done","System.BoardColumnDone","boolean",,,
"Risk","Board Column Done","System.BoardColumnDone","boolean",,,
"Requirement","Board Lane","System.BoardLane","string",,,
"Test Plan","Board Lane","System.BoardLane","string",,,
"Test Case","Board Lane","System.BoardLane","string",,,
"Review","Board Lane","System.BoardLane","string",,,
"Risk","Board Lane","System.BoardLane","string",,,
"Test Suite","Board Lane","System.BoardLane","string",,,
"Issue","Board Lane","System.BoardLane","string",,,
"Feature","Board Lane","System.BoardLane","string",,,
"Bug","Board Lane","System.BoardLane","string",,,
"Task","Board Lane","System.BoardLane","string",,,
"Change Request","Board Lane","System.BoardLane","string",,,
"Epic","Board Lane","System.BoardLane","string",,,
"Test Case","Changed By","System.ChangedBy","string",,,
"Epic","Changed By","System.ChangedBy","string",,,
"Feature","Changed By","System.ChangedBy","string",,,
"Task","Changed By","System.ChangedBy","string",,,
"Test Plan","Changed By","System.ChangedBy","string",,,
"Review","Changed By","System.ChangedBy","string",,,
"Requirement","Changed By","System.ChangedBy","string",,,
"Change Request","Changed By","System.ChangedBy","string",,,
"Test Suite","Changed By","System.ChangedBy","string",,,
"Issue","Changed By","System.ChangedBy","string",,,
"Risk","Changed By","System.ChangedBy","string",,,
"Bug","Changed By","System.ChangedBy","string",,,
"Change Request","Changed Date","System.ChangedDate","dateTime",,,
"Task","Changed Date","System.ChangedDate","dateTime",,,
"Issue","Changed Date","System.ChangedDate","dateTime",,,
"Feature","Changed Date","System.ChangedDate","dateTime",,,
"Review","Changed Date","System.ChangedDate","dateTime",,,
"Requirement","Changed Date","System.ChangedDate","dateTime",,,
"Test Plan","Changed Date","System.ChangedDate","dateTime",,,
"Bug","Changed Date","System.ChangedDate","dateTime",,,
"Risk","Changed Date","System.ChangedDate","dateTime",,,
"Epic","Changed Date","System.ChangedDate","dateTime",,,
"Test Suite","Changed Date","System.ChangedDate","dateTime",,,
"Test Case","Changed Date","System.ChangedDate","dateTime",,,
"Risk","Comment Count","System.CommentCount","integer",,,
"Review","Comment Count","System.CommentCount","integer",,,
"Feature","Comment Count","System.CommentCount","integer",,,
"Test Case","Comment Count","System.CommentCount","integer",,,
"Test Plan","Comment Count","System.CommentCount","integer",,,
"Test Suite","Comment Count","System.CommentCount","integer",,,
"Task","Comment Count","System.CommentCount","integer",,,
"Issue","Comment Count","System.CommentCount","integer",,,
"Bug","Comment Count","System.CommentCount","integer",,,
"Requirement","Comment Count","System.CommentCount","integer",,,
"Change Request","Comment Count","System.CommentCount","integer",,,
"Epic","Comment Count","System.CommentCount","integer",,,
"Test Suite","Created By","System.CreatedBy","string",,,
"Issue","Created By","System.CreatedBy","string",,,
"Requirement","Created By","System.CreatedBy","string",,,
"Review","Created By","System.CreatedBy","string",,,
"Test Plan","Created By","System.CreatedBy","string",,,
"Test Case","Created By","System.CreatedBy","string",,,
"Task","Created By","System.CreatedBy","string",,,
"Epic","Created By","System.CreatedBy","string",,,
"Bug","Created By","System.CreatedBy","string",,,
"Risk","Created By","System.CreatedBy","string",,,
"Feature","Created By","System.CreatedBy","string",,,
"Change Request","Created By","System.CreatedBy","string",,,
"Change Request","Created Date","System.CreatedDate","dateTime",,,
"Bug","Created Date","System.CreatedDate","dateTime",,,
"Test Plan","Created Date","System.CreatedDate","dateTime",,,
"Test Suite","Created Date","System.CreatedDate","dateTime",,,
"Feature","Created Date","System.CreatedDate","dateTime",,,
"Risk","Created Date","System.CreatedDate","dateTime",,,
"Test Case","Created Date","System.CreatedDate","dateTime",,,
"Requirement","Created Date","System.CreatedDate","dateTime",,,
"Issue","Created Date","System.CreatedDate","dateTime",,,
"Review","Created Date","System.CreatedDate","dateTime",,,
"Epic","Created Date","System.CreatedDate","dateTime",,,
"Task","Created Date","System.CreatedDate","dateTime",,,
"Issue","Description","System.Description","html",,,
"Feature","Description","System.Description","html",,,
"Test Suite","Description","System.Description","html",,,
"Change Request","Description","System.Description","html",,,
"Epic","Description","System.Description","html",,,
"Test Case","Description","System.Description","html",,,
"Bug","Description","System.Description","html",,,
"Risk","Description","System.Description","html",,,
"Requirement","Description","System.Description","html",,,
"Task","Description","System.Description","html",,,
"Test Plan","Description","System.Description","html",,,
"Review","Description","System.Description","html",,,
"Change Request","External Link Count","System.ExternalLinkCount","integer",,,
"Epic","External Link Count","System.ExternalLinkCount","integer",,,
"Test Suite","External Link Count","System.ExternalLinkCount","integer",,,
"Task","External Link Count","System.ExternalLinkCount","integer",,,
"Test Case","External Link Count","System.ExternalLinkCount","integer",,,
"Requirement","External Link Count","System.ExternalLinkCount","integer",,,
"Risk","External Link Count","System.ExternalLinkCount","integer",,,
"Test Plan","External Link Count","System.ExternalLinkCount","integer",,,
"Feature","External Link Count","System.ExternalLinkCount","integer",,,
"Review","External Link Count","System.ExternalLinkCount","integer",,,
"Issue","External Link Count","System.ExternalLinkCount","integer",,,
"Bug","External Link Count","System.ExternalLinkCount","integer",,,
"Test Plan","History","System.History","history",,,
"Task","History","System.History","history",,,
"Bug","History","System.History","history",,,
"Test Suite","History","System.History","history",,,
"Issue","History","System.History","history",,,
"Test Case","History","System.History","history",,,
"Requirement","History","System.History","history",,,
"Change Request","History","System.History","history",,,
"Review","History","System.History","history",,,
"Epic","History","System.History","history",,,
"Risk","History","System.History","history",,,
"Feature","History","System.History","history",,,
"Bug","Hyperlink Count","System.HyperLinkCount","integer",,,
"Risk","Hyperlink Count","System.HyperLinkCount","integer",,,
"Task","Hyperlink Count","System.HyperLinkCount","integer",,,
"Issue","Hyperlink Count","System.HyperLinkCount","integer",,,
"Test Case","Hyperlink Count","System.HyperLinkCount","integer",,,
"Test Suite","Hyperlink Count","System.HyperLinkCount","integer",,,
"Test Plan","Hyperlink Count","System.HyperLinkCount","integer",,,
"Review","Hyperlink Count","System.HyperLinkCount","integer",,,
"Requirement","Hyperlink Count","System.HyperLinkCount","integer",,,
"Change Request","Hyperlink Count","System.HyperLinkCount","integer",,,
"Feature","Hyperlink Count","System.HyperLinkCount","integer",,,
"Epic","Hyperlink Count","System.HyperLinkCount","integer",,,
"Task","Id","System.Id","integer",,,
"Test Suite","Id","System.Id","integer",,,
"Feature","Id","System.Id","integer",,,
"Bug","Id","System.Id","integer",,,
"Review","Id","System.Id","integer",,,
"Risk","Id","System.Id","integer",,,
"Change Request","Id","System.Id","integer",,,
"Test Plan","Id","System.Id","integer",,,
"Epic","Id","System.Id","integer",,,
"Requirement","Id","System.Id","integer",,,
"Test Case","Id","System.Id","integer",,,
"Issue","Id","System.Id","integer",,,
"Feature","Iteration ID","System.IterationId","integer","True",,
"Review","Iteration ID","System.IterationId","integer","True",,
"Change Request","Iteration ID","System.IterationId","integer","True",,
"Test Plan","Iteration ID","System.IterationId","integer","True",,
"Issue","Iteration ID","System.IterationId","integer","True",,
"Test Case","Iteration ID","System.IterationId","integer","True",,
"Requirement","Iteration ID","System.IterationId","integer","True",,
"Risk","Iteration ID","System.IterationId","integer","True",,
"Bug","Iteration ID","System.IterationId","integer","True",,
"Test Suite","Iteration ID","System.IterationId","integer","True",,
"Task","Iteration ID","System.IterationId","integer","True",,
"Epic","Iteration ID","System.IterationId","integer","True",,
"Task","Iteration Path","System.IterationPath","treePath",,,
"Risk","Iteration Path","System.IterationPath","treePath",,,
"Change Request","Iteration Path","System.IterationPath","treePath",,,
"Test Plan","Iteration Path","System.IterationPath","treePath",,,
"Review","Iteration Path","System.IterationPath","treePath",,,
"Epic","Iteration Path","System.IterationPath","treePath",,,
"Feature","Iteration Path","System.IterationPath","treePath",,,
"Test Case","Iteration Path","System.IterationPath","treePath",,,
"Requirement","Iteration Path","System.IterationPath","treePath",,,
"Issue","Iteration Path","System.IterationPath","treePath",,,
"Bug","Iteration Path","System.IterationPath","treePath",,,
"Test Suite","Iteration Path","System.IterationPath","treePath",,,
"Review","Node Name","System.NodeName","string",,,
"Test Plan","Node Name","System.NodeName","string",,,
"Test Case","Node Name","System.NodeName","string",,,
"Epic","Node Name","System.NodeName","string",,,
"Change Request","Node Name","System.NodeName","string",,,
"Bug","Node Name","System.NodeName","string",,,
"Feature","Node Name","System.NodeName","string",,,
"Issue","Node Name","System.NodeName","string",,,
"Risk","Node Name","System.NodeName","string",,,
"Requirement","Node Name","System.NodeName","string",,,
"Task","Node Name","System.NodeName","string",,,
"Test Suite","Node Name","System.NodeName","string",,,
"Test Suite","Parent","System.Parent","integer",,,
"Change Request","Parent","System.Parent","integer",,,
"Issue","Parent","System.Parent","integer",,,
"Test Plan","Parent","System.Parent","integer",,,
"Task","Parent","System.Parent","integer",,,
"Test Case","Parent","System.Parent","integer",,,
"Risk","Parent","System.Parent","integer",,,
"Epic","Parent","System.Parent","integer",,,
"Review","Parent","System.Parent","integer",,,
"Bug","Parent","System.Parent","integer",,,
"Feature","Parent","System.Parent","integer",,,
"Requirement","Parent","System.Parent","integer",,,
"Bug","Reason","System.Reason","string",,,
"Test Case","Reason","System.Reason","string",,,
"Feature","Reason","System.Reason","string",,,
"Epic","Reason","System.Reason","string",,,
"Review","Reason","System.Reason","string",,,
"Issue","Reason","System.Reason","string",,,
"Change Request","Reason","System.Reason","string",,,
"Test Suite","Reason","System.Reason","string",,,
"Risk","Reason","System.Reason","string",,,
"Test Plan","Reason","System.Reason","string",,,
"Requirement","Reason","System.Reason","string",,,
"Task","Reason","System.Reason","string",,,
"Test Case","Related Link Count","System.RelatedLinkCount","integer",,,
"Issue","Related Link Count","System.RelatedLinkCount","integer",,,
"Requirement","Related Link Count","System.RelatedLinkCount","integer",,,
"Risk","Related Link Count","System.RelatedLinkCount","integer",,,
"Test Suite","Related Link Count","System.RelatedLinkCount","integer",,,
"Task","Related Link Count","System.RelatedLinkCount","integer",,,
"Bug","Related Link Count","System.RelatedLinkCount","integer",,,
"Review","Related Link Count","System.RelatedLinkCount","integer",,,
"Feature","Related Link Count","System.RelatedLinkCount","integer",,,
"Test Plan","Related Link Count","System.RelatedLinkCount","integer",,,
"Change Request","Related Link Count","System.RelatedLinkCount","integer",,,
"Epic","Related Link Count","System.RelatedLinkCount","integer",,,
"Feature","Remote Link Count","System.RemoteLinkCount","integer",,,
"Review","Remote Link Count","System.RemoteLinkCount","integer",,,
"Bug","Remote Link Count","System.RemoteLinkCount","integer",,,
"Issue","Remote Link Count","System.RemoteLinkCount","integer",,,
"Test Case","Remote Link Count","System.RemoteLinkCount","integer",,,
"Requirement","Remote Link Count","System.RemoteLinkCount","integer",,,
"Test Plan","Remote Link Count","System.RemoteLinkCount","integer",,,
"Change Request","Remote Link Count","System.RemoteLinkCount","integer",,,
"Risk","Remote Link Count","System.RemoteLinkCount","integer",,,
"Task","Remote Link Count","System.RemoteLinkCount","integer",,,
"Epic","Remote Link Count","System.RemoteLinkCount","integer",,,
"Test Suite","Remote Link Count","System.RemoteLinkCount","integer",,,
"Issue","Rev","System.Rev","integer",,,
"Bug","Rev","System.Rev","integer",,,
"Feature","Rev","System.Rev","integer",,,
"Test Suite","Rev","System.Rev","integer",,,
"Change Request","Rev","System.Rev","integer",,,
"Review","Rev","System.Rev","integer",,,
"Task","Rev","System.Rev","integer",,,
"Test Plan","Rev","System.Rev","integer",,,
"Risk","Rev","System.Rev","integer",,,
"Test Case","Rev","System.Rev","integer",,,
"Requirement","Rev","System.Rev","integer",,,
"Epic","Rev","System.Rev","integer",,,
"Task","Revised Date","System.RevisedDate","dateTime",,,
"Risk","Revised Date","System.RevisedDate","dateTime",,,
"Feature","Revised Date","System.RevisedDate","dateTime",,,
"Change Request","Revised Date","System.RevisedDate","dateTime",,,
"Issue","Revised Date","System.RevisedDate","dateTime",,,
"Test Plan","Revised Date","System.RevisedDate","dateTime",,,
"Review","Revised Date","System.RevisedDate","dateTime",,,
"Epic","Revised Date","System.RevisedDate","dateTime",,,
"Bug","Revised Date","System.RevisedDate","dateTime",,,
"Requirement","Revised Date","System.RevisedDate","dateTime",,,
"Test Case","Revised Date","System.RevisedDate","dateTime",,,
"Test Suite","Revised Date","System.RevisedDate","dateTime",,,
"Test Suite","State","System.State","string","True",,
"Bug","State","System.State","string","True",,
"Risk","State","System.State","string","True",,
"Requirement","State","System.State","string","True",,
"Task","State","System.State","string","True",,
"Test Plan","State","System.State","string","True",,
"Review","State","System.State","string","True",,
"Feature","State","System.State","string","True",,
"Epic","State","System.State","string","True",,
"Change Request","State","System.State","string","True",,
"Test Case","State","System.State","string","True",,
"Issue","State","System.State","string","True",,
"Feature","Tags","System.Tags","plainText",,,
"Change Request","Tags","System.Tags","plainText",,,
"Test Plan","Tags","System.Tags","plainText",,,
"Task","Tags","System.Tags","plainText",,,
"Review","Tags","System.Tags","plainText",,,
"Requirement","Tags","System.Tags","plainText",,,
"Risk","Tags","System.Tags","plainText",,,
"Epic","Tags","System.Tags","plainText",,,
"Bug","Tags","System.Tags","plainText",,,
"Test Suite","Tags","System.Tags","plainText",,,
"Test Case","Tags","System.Tags","plainText",,,
"Issue","Tags","System.Tags","plainText",,,
"Feature","Team Project","System.TeamProject","string",,,
"Bug","Team Project","System.TeamProject","string",,,
"Review","Team Project","System.TeamProject","string",,,
"Test Suite","Team Project","System.TeamProject","string",,,
"Test Plan","Team Project","System.TeamProject","string",,,
"Test Case","Team Project","System.TeamProject","string",,,
"Epic","Team Project","System.TeamProject","string",,,
"Issue","Team Project","System.TeamProject","string",,,
"Risk","Team Project","System.TeamProject","string",,,
"Task","Team Project","System.TeamProject","string",,,
"Requirement","Team Project","System.TeamProject","string",,,
"Change Request","Team Project","System.TeamProject","string",,,
"Requirement","Title","System.Title","string","True",,
"Issue","Title","System.Title","string","True",,
"Bug","Title","System.Title","string","True",,
"Risk","Title","System.Title","string","True",,
"Review","Title","System.Title","string","True",,
"Change Request","Title","System.Title","string","True",,
"Test Plan","Title","System.Title","string","True",,
"Test Case","Title","System.Title","string","True",,
"Epic","Title","System.Title","string","True",,
"Test Suite","Title","System.Title","string","True",,
"Feature","Title","System.Title","string","True",,
"Task","Title","System.Title","string","True",,
"Test Case","Watermark","System.Watermark","integer",,,
"Issue","Watermark","System.Watermark","integer",,,
"Change Request","Watermark","System.Watermark","integer",,,
"Test Suite","Watermark","System.Watermark","integer",,,
"Bug","Watermark","System.Watermark","integer",,,
"Epic","Watermark","System.Watermark","integer",,,
"Test Plan","Watermark","System.Watermark","integer",,,
"Task","Watermark","System.Watermark","integer",,,
"Requirement","Watermark","System.Watermark","integer",,,
"Review","Watermark","System.Watermark","integer",,,
"Risk","Watermark","System.Watermark","integer",,,
"Feature","Watermark","System.Watermark","integer",,,
"Requirement","Work Item Type","System.WorkItemType","string",,,
"Epic","Work Item Type","System.WorkItemType","string",,,
"Test Plan","Work Item Type","System.WorkItemType","string",,,
"Review","Work Item Type","System.WorkItemType","string",,,
"Task","Work Item Type","System.WorkItemType","string",,,
"Risk","Work Item Type","System.WorkItemType","string",,,
"Test Suite","Work Item Type","System.WorkItemType","string",,,
"Issue","Work Item Type","System.WorkItemType","string",,,
"Feature","Work Item Type","System.WorkItemType","string",,,
"Test Case","Work Item Type","System.WorkItemType","string",,,
"Bug","Work Item Type","System.WorkItemType","string",,,
"Change Request","Work Item Type","System.WorkItemType","string",,,
